"Column","Row2","SampleID","Crop","GrainWeightWet","Protein","Moisture","Starch","WGlutDM","TestWeight","ID2","Longitude","Latitude","Notes","FieldID","Year"
5,"A","GPHY14_GB_A4_1_5-A","GB",27,NA,NA,NA,NA,NA,1,-117.087514,46.778729,"TOTAL SAMPLE GROUND |  | ","CookEast",2014
6,"A","CF14GPSWGrn_A5_2_6-A","SW",704,13.4,6,64.3,33.1,47.1,2,-117.08706455,46.77869163,"MOISTURE OUTSIDE LIMITS |  | ","CookEast",2014
7,"A","CF14GPSWGrn_A5_3_7-A","SW",438,11.7,6.8,68,26.3,50,3,-117.086678,46.778791,"MOISTURE OUTSIDE LIMITS |  | ","CookEast",2014
8,"A","CF14GPSWGrn_A6_4_8-A","SW",678,11,6.2,69.1,24.6,50.4,4,-117.08626,46.778761,"MOISTURE OUTSIDE LIMITS |  | ","CookEast",2014
9,"A","CF14GPWW_4_9-A","WW",1017,11.2,8.9,68.3,29.9,49.2,5,-117.085842,46.778666," |  | ","CookEast",2014
10,"A","CF14GPWW_5_10-A","WW",NA,NA,NA,NA,NA,NA,6,-117.08541875,46.77877321," |  | ","CookEast",2014
11,"A","CF14GPWW_6_11-A","WW",778,12.5,9.1,67.7,33.6,49.7,7,-117.085006,46.778632," |  | ","CookEast",2014
12,"A","CF14GPWW_7_12-A","WW",787,11.8,8.9,70.4,30.8,50.6,8,-117.084588,46.778721," |  | ","CookEast",2014
13,"A","CF14GPWW_8_13-A","WW",992,11.9,9.3,66.7,32,44.5,9,-117.08417,46.778674," |  | ","CookEast",2014
14,"A","CF14GPWW_9_14-A","WW",758,12,8.8,70,32,51.3,10,-117.083752,46.778737," |  | ","CookEast",2014
15,"A","CF14GPWW_10_15-A","WW",1077,11.7,8.9,70.4,31.3,48.8,11,-117.083334,46.778658," |  | ","CookEast",2014
16,"A","CF14GPWW_11_16-A","WW",1118,10.2,8.5,72.9,26.8,54.6,12,-117.08293984,46.77873108," |  | ","CookEast",2014
17,"A","CF14GPSWGrn_C1_13_17-A","SW",512,11.8,6.5,70.5,25.9,56,13,-117.082498,46.778764,"MOISTURE OUTSIDE LIMITS |  | ORIGINAL SAMPLE BAG RIPPED","CookEast",2014
19,"A","GPHY14_SB_C3_14_19-A","SB",690,9.9,11.3,61.9,NA,47.6,14,-117.08163216,46.77868863," |  | ","CookEast",2014
20,"A","GPHY14_SB_C3_15_20-A","SB",674,12.5,11.5,62.5,NA,51.1,15,-117.081244,46.778707," |  | ","CookEast",2014
22,"A","CF14GPWW_15_22-A","WW",1308,12.2,8.5,71.6,33,55.8,16,-117.080408,46.778826," |  | ","CookEast",2014
1,"B","GPHY14_GB_A1_18_1-B","GB",252,NA,NA,NA,NA,NA,18,-117.08888012,46.77895174," |  | ","CookEast",2014
2,"B","GPHY14_GB_A2_19_2-B","GB",291,NA,NA,NA,NA,NA,19,-117.08846626,46.77882662," |  | ","CookEast",2014
3,"B","GPHY14_GB_A2_20_3-B","GB",221,NA,NA,NA,NA,NA,20,-117.088064,46.778867," |  | ","CookEast",2014
4,"B","GPHY14_GB_A3_21_4-B","GB",487,NA,NA,NA,NA,NA,21,-117.087646,46.778842," |  | ","CookEast",2014
5,"B","GPHY14_GB_A4_22_5-B","GB",273,NA,NA,NA,NA,NA,22,-117.087228,46.779015," |  | ","CookEast",2014
6,"B","GPHY14_GB_A4_23_6-B","GB",200,NA,NA,NA,NA,NA,23,-117.08683097,46.77900278,"MOUSE DAMAGE TO ORIGINAL BAG |  | ","CookEast",2014
7,"B","CF14GPSWGrn_A5_24_7-B","SW",528,12.3,7,66.9,29.3,53.8,24,-117.086392,46.779077,"MOISTURE OUTSIDE LIMITS |  | ","CookEast",2014
8,"B","CF14GPSWGrn_A6_25_8-B","SW",837,10.6,6.6,74.2,24.1,58.6,25,-117.085974,46.779047,"MOISTURE OUTSIDE LIMITS | STARCH OUTSIDE LIMITS | ","CookEast",2014
9,"B","CF14GPWW_25_9-B","WW",1108,9.3,9.5,67.6,24.3,43,26,-117.085556,46.778952,"Starch outside limits |  | ","CookEast",2014
10,"B","CF14GPWW_26_10-B","WW",1208,9.8,8.9,70.1,25.7,41.5,27,-117.08511704,46.77906282," |  | ","CookEast",2014
11,"B","CF14GPWW_27_11-B","WW",1443,10.8,9,72.3,29.1,53.2,28,-117.08472,46.778918," |  | ","CookEast",2014
12,"B","CF14GPWW_28_12-B","WW",909,9.7,8.3,74,24.8,50.1,29,-117.084302,46.779007,"Starch outside limits |  | ","CookEast",2014
13,"B","CF14GPWW_29_13-B","WW",1073,10.8,7.9,73.9,28.8,54.1,30,-117.083884,46.77896," |  | ","CookEast",2014
14,"B","CF14GPWW_30_14-B","WW",1031,10.3,8.1,73.4,27.4,51.4,31,-117.083466,46.779023," |  | ","CookEast",2014
15,"B","CF14GPWW_31_15-B","WW",1339,10.2,8.1,72.2,26.1,45.8,32,-117.083048,46.778944," |  | ","CookEast",2014
16,"B","CF14GPWW_32_16-B","WW",822,12.1,8.2,65.2,31.5,40,33,-117.08263,46.779013," |  | ","CookEast",2014
17,"B","CF14GPSWGrn_C1_34_17-B","SW",703,11,6.5,72.5,24.4,55.7,34,-117.082212,46.77905,"MOISTURE OUTSIDE LIMITS |  | ","CookEast",2014
18,"B","GPHY14_GB_C2_35_18-B","GB",341,NA,NA,NA,NA,NA,35,-117.081794,46.778852," |  | ","CookEast",2014
19,"B","GPHY14_GB_C2_36_19-B","GB",564,NA,NA,NA,NA,NA,36,-117.08140584,46.77900737," |  | ","CookEast",2014
20,"B","GPHY14_SB_C3_37_20-B","SB",377,14.5,12.2,58.5,NA,42.6,37,-117.080958,46.778993," |  | ","CookEast",2014
21,"B","CF14GPWW_37_21-B","WW",892,11.5,8.2,71.3,31.4,53.8,38,-117.08054,46.778849," |  | ","CookEast",2014
22,"B","CF14GPWW_38_22-B","WW",630,10.3,8.3,73.9,28,55.7,39,-117.080122,46.779112," |  | ","CookEast",2014
23,"B","CF14GPSWGrn_C5_40_23-B","SW",128,NA,NA,NA,NA,NA,40,-117.079704,46.779083,"SAMPLE TOO SMALL, MUST BE GROUND AND ANALYZED |  | ","CookEast",2014
24,"B","CF14GPSWGrn_C6_41_24-B","SW",827,11.6,6.9,73.5,27.2,57.7,41,-117.079286,46.779047,"MOISTURE OUTSIDE LIMITS |  | ORIGINAL SAMPLE BAG DAMAGED","CookEast",2014
2,"C","GPHY14_GB_A1_42_2-C","GB",331,NA,NA,NA,NA,NA,42,-117.08870619,46.77911338," |  | ","CookEast",2014
3,"C","GPHY14_GB_A1_43_3-C","GB",539,NA,NA,NA,NA,NA,43,-117.088318,46.779153," |  | ","CookEast",2014
4,"C","GPHY14_GB_A2_44_4-C","GB",154,NA,NA,NA,NA,NA,44,-117.0879,46.779128," |  | ","CookEast",2014
5,"C","GPHY14_GB_A3_45_5-C","GB",293,NA,NA,NA,NA,NA,45,-117.08746351,46.77928833," |  | ","CookEast",2014
6,"C","GPHY14_GB_A3_46_6-C","GB",143,NA,NA,NA,NA,NA,46,-117.087064,46.779278,"MOUSE DAMAGE |  | ","CookEast",2014
7,"C","GPHY14_GB_A4_47_7-C","GB",308,NA,NA,NA,NA,NA,47,-117.086646,46.779363," |  | ","CookEast",2014
8,"C","CF14GPSWGrn_A5_48_8-C","SW",1036,11,7,69.4,25.2,53.8,48,-117.086228,46.779333,"MOISTURE OUTSIDE LIMITS |  | ","CookEast",2014
9,"C","CF14GPSWGrn_A6_49_9-C","SW",999,10,7.3,75.7,24.3,60,49,-117.08581,46.779238," | STARCH OUTSIDE LIMITS | ","CookEast",2014
10,"C","CF14GPWW_49_10-C","WW",875,11.7,7.9,69.1,31.3,43.4,50,-117.08533553,46.77932123," |  | ","CookEast",2014
11,"C","CF14GPWW_50_11-C","WW",NA,NA,NA,NA,NA,NA,51,-117.08496351,46.77919681," |  | ","CookEast",2014
12,"C","CF14GPWW_51_12-C","WW",1065,11.8,8.5,68.2,31.2,48.5,52,-117.084556,46.779293," |  | ","CookEast",2014
13,"C","CF14GPWW_52_13-C","WW",1494,10.3,8.9,72.1,27.8,53,53,-117.084138,46.779246," |  | ","CookEast",2014
14,"C","CF14GPWW_53_14-C","WW",759,13.7,9.2,62.5,37,40.8,54,-117.08372,46.779309," |  | ","CookEast",2014
15,"C","CF14GPWW_54_15-C","WW",1147,10.3,8.4,74.7,27.4,53.7,55,-117.083302,46.77923," |  | ","CookEast",2014
16,"C","CF14GPWW_55_16-C","WW",1003,11.9,8.3,70.4,31.4,51.7,56,-117.08290191,46.77931128," |  | ","CookEast",2014
17,"C","CF14GPWW_56_17-C","WW",1114,10.3,8.7,74.4,27.1,53.7,57,-117.082466,46.779336," |  | ","CookEast",2014
18,"C","CF14GPSWGrn_C1_58_18-C","SW",701,11.1,7,73.4,25.6,57.5,58,-117.082048,46.779138,"MOISTURE OUTSIDE LIMITS | STARCH OUTSIDE LIMITS | ","CookEast",2014
19,"C","GPHY14_GB_C2_59_19-C","GB",495,NA,NA,NA,NA,NA,59,-117.08160015,46.77925244," |  | ","CookEast",2014
20,"C","GPHY14_GB_C2_6_20-C","GB",497,NA,NA,NA,NA,NA,60,-117.081212,46.779279," |  | ","CookEast",2014
21,"C","GPHY14_SB_C3_61_21-C","SB",841,9.3,12.2,64.3,NA,51.6,61,-117.080794,46.779135," |  | ","CookEast",2014
22,"C","GPHY14_SB_C3_62_22-C","SB",1089,11.6,12.6,62.8,NA,52.7,62,-117.08039988,46.77941847," |  | ","CookEast",2014
23,"C","CF14GPWW_62_23-C","WW",1055,12.7,8.6,69.6,34.9,59.1,63,-117.079958,46.779369," |  | ","CookEast",2014
24,"C","CF14GPSWGrn_C5_64_24-C","SW",699,9.2,7.1,74.5,21.4,59.9,64,-117.07954,46.779333," | STARCH OUTSIDE LIMITS | ","CookEast",2014
25,"C","CF14GPSWGrn_C6_65_25-C","SW",1152,8.7,7.2,77.7,20.2,59.6,65,-117.079122,46.779254,"MOISTURE OUTSIDE LIMITS | STARCH OUTSIDE LIMITS | ","CookEast",2014
26,"C","CF14GPSWGrn_C6_66_26-C","SW",799,12.4,6.7,67.7,26.9,56.1,66,-117.07873385,46.77928646,"MOISTURE OUTSIDE LIMITS |  | ORIGINAL SAMPLE BAG RIPPED","CookEast",2014
27,"C","CF14GPSWGrn_C7_67_27-C","SW",768,12.6,6.9,67.2,28.4,55.1,67,-117.078286,46.779271,"MOISTURE OUTSIDE LIMITS |  | ","CookEast",2014
3,"D","GPHY14_GB_A1_68_3-D","GB",344,NA,NA,NA,NA,NA,68,-117.088231,46.779439," |  | ","CookEast",2014
4,"D","GPHY14_GB_A2_69_4-D","GB",302,NA,NA,NA,NA,NA,69,-117.087813,46.779414," |  | ","CookEast",2014
5,"D","GPHY14_GB_A2_70_5-D","GB",230,NA,NA,NA,NA,NA,70,-117.087395,46.779587," |  | ","CookEast",2014
6,"D","GPHY14_GB_A3_71_6-D","GB",223,NA,NA,NA,NA,NA,71,-117.086977,46.779564," |  | ","CookEast",2014
7,"D","GPHY14_GB_A4_72_7-D","GB",429,NA,NA,NA,NA,NA,72,-117.086559,46.779649," |  | ","CookEast",2014
8,"D","GPHY14_GB_A4_73_8-D","GB",346,NA,NA,NA,NA,NA,73,-117.08617246,46.77963697,"MOUSE DAMAGE TO ORIGINAL BAG |  | ","CookEast",2014
9,"D","CF14GPSWGrn_A6_74_9-D","SW",1205,9.1,7.4,74.6,21.5,61.5,74,-117.08569155,46.77950963," | STARCH OUTSIDE LIMITS | ","CookEast",2014
10,"D","CF14GPSWGrn_A6_75_10-D","SW",991,8.7,8,76.3,20.8,60.1,75,-117.085305,46.779642," | STARCH OUTSIDE LIMITS | ","CookEast",2014
11,"D","CF14GPWW_75_11-D","WW",1332,10.1,9,72.6,26.4,47.1,76,-117.084887,46.77949," |  | ","CookEast",2014
12,"D","CF14GPWW_76_12-D","WW",1119,11.5,9.3,72.4,30.6,56.3,77,-117.084469,46.779579," |  | ","CookEast",2014
13,"D","CF14GPWW_77_13-D","WW",867,12,8.8,68.8,32.1,48.8,78,-117.084051,46.779532," |  | ","CookEast",2014
14,"D","CF14GPWW_78_14-D","WW",807,11.4,9.1,71.5,30.5,51.9,79,-117.083633,46.779595," |  | ","CookEast",2014
15,"D","CF14GPWW_79_15-D","WW",794,12.1,9,67,31.7,44.1,80,-117.083215,46.779516," |  | ","CookEast",2014
16,"D","CF14GPWW_80_16-D","WW",1064,9.1,8.1,72.6,22.7,34.6,81,-117.082797,46.779585,"Starch outside limits |  | ","CookEast",2014
17,"D","CF14GPWW_81_17-D","WW",990,10.1,8.2,74.6,26.6,55.6,82,-117.082379,46.779622,"Starch outside limits |  | ","CookEast",2014
18,"D","CF14GPSWGrn_C1_83_18-D","SW",617,11.7,7.3,71.3,27.7,57.3,83,-117.081961,46.779424," |  | ","CookEast",2014
19,"D","CF14GPSWGrn_C1_84_19-D","SW",757,11.6,6.5,71.7,26.5,55.8,84,-117.081543,46.779563,"MOISTURE OUTSIDE LIMITS |  | ","CookEast",2014
20,"D","GPHY14_GB_C2_85_20-D","GB",441,NA,NA,NA,NA,NA,85,-117.081125,46.779565," |  | ","CookEast",2014
21,"D","GPHY14_SB_C3_86_21-D","SB",1099,12.6,10.8,62.5,NA,53.1,86,-117.080707,46.779421," |  | ","CookEast",2014
22,"D","GPHY14_SB_C3_87_22-D","SB",851,11.5,11.5,62.9,NA,51.8,87,-117.080289,46.779684," |  | ","CookEast",2014
23,"D","CF14GPWW_87_23-D","WW",899,12.3,7.9,71.2,33.5,59.4,88,-117.079871,46.779655," |  | ","CookEast",2014
24,"D","CF14GPSWGrn_C5_89_24-D","SW",794,11.5,6.8,71.4,24.9,56.8,89,-117.07944702,46.77960671,"MOISTURE OUTSIDE LIMITS |  | ","CookEast",2014
25,"D","CF14GPSWGrn_C5_90_25-D","SW",851,8.8,6.7,75.4,20.2,60.3,90,-117.079035,46.77954,"MOISTURE OUTSIDE LIMITS | STARCH OUTSIDE LIMITS | ORIGINAL SAMPLE BAG RIPPED","CookEast",2014
26,"D","CF14GPSWGrn_C6_91_26-D","SW",757,11.4,6.7,70,24.2,57.6,91,-117.078617,46.779552,"MOISTURE OUTSIDE LIMITS |  | ","CookEast",2014
27,"D","CF14GPSWGrn_C7_92_27-D","SW",939,10.7,6.9,72.2,24,60.2,92,-117.078199,46.779557,"MOISTURE OUTSIDE LIMITS |  | ","CookEast",2014
28,"D","CF14GPSWGrn_C8_93_28-D","SW",473,13.4,6.2,64.3,32.2,44,93,-117.077781,46.779494,"MOISTURE OUTSIDE LIMITS |  | ","CookEast",2014
29,"D","CF14GPSWGrn_C8_94_29-D","SW",405,12.2,6.6,69.2,27.3,54.5,94,-117.077363,46.779658,"MOISTURE OUTSIDE LIMITS |  | ","CookEast",2014
3,"E","GPHY14_GB_A1_95_3-E","GB",224,NA,NA,NA,NA,NA,95,-117.08807304,46.77971682," |  | ","CookEast",2014
4,"E","GPHY14_GB_A1_96_4-E","GB",276,NA,NA,NA,NA,NA,96,-117.087663,46.7797," |  | ","CookEast",2014
5,"E","GPHY14_GB_A2_97_5-E","GB",160,NA,NA,NA,NA,NA,97,-117.087245,46.779873," |  | ","CookEast",2014
6,"E","GPHY14_GB_A3_98_6-E","GB",271,NA,NA,NA,NA,NA,98,-117.086827,46.77985," |  | ","CookEast",2014
7,"E","GPHY14_GB_A3_99_7-E","GB",265,NA,NA,NA,NA,NA,99,-117.086409,46.779935," |  | ","CookEast",2014
8,"E","GPHY14_GB_A4_100_8-E","GB",214,NA,NA,NA,NA,NA,100,-117.085991,46.779905," |  | ","CookEast",2014
9,"E","CF14GPSWGrn_A5_101_9-E","SW",820,10.1,6.8,73.9,23.8,56.4,101,-117.085573,46.77981,"MOISTURE OUTSIDE LIMITS | STARCH OUTSIDE LIMITS | ","CookEast",2014
10,"E","GP14GPSWGrn_A6_102_10-E","SW",817,9.4,6.9,75.6,22,59,102,-117.085155,46.779928,"MOISTURE OUTSIDE LIMITS | STARCH OUTSIDE LIMITS | ","CookEast",2014
11,"E","CF14GPWW_102_11-E","WW",818,11.3,8.9,67.3,30,45.6,103,-117.084737,46.779776," |  | ","CookEast",2014
12,"E","CF14GPWW_103_12-E","WW",813,10.2,8.7,66.3,26.2,40.3,104,-117.08434522,46.77988297," |  | ","CookEast",2014
13,"E","CF14GPWW_104_13-E","WW",892,12.2,9.2,67.1,33.1,42.2,105,-117.083901,46.779818," |  | ","CookEast",2014
14,"E","CF14GPWW_105_14-E","WW",585,10,9,66.3,25.2,41.4,106,-117.083483,46.779881," |  | ","CookEast",2014
15,"E","CF14GPWW_106_15-E","WW",861,10.7,8.8,69,28,45.2,107,-117.083065,46.779802," |  | ","CookEast",2014
16,"E","CF14GPWW_107_16-E","WW",870,10.3,8.6,73.5,27.5,52.8,108,-117.082647,46.779871," |  | ","CookEast",2014
17,"E","CF14GPWW_108_17-E","WW",1496,10.8,8.1,73.6,29.1,57.8,109,-117.08219348,46.77987977," |  | ","CookEast",2014
18,"E","CF14GPSWGrn_C1_110_18-E","SW",567,11.6,5.9,71.9,24.6,56.6,110,-117.08175331,46.77967045,"MOISTURE OUTSIDE LIMITS |  | ","CookEast",2014
19,"E","CF14GPSWGrn_C1_111_19-E","SW",664,11.1,6.2,71,26,52.3,111,-117.081393,46.779849,"MOISTURE OUTSIDE LIMITS | STARCH OUTSIDE LIMITS | ","CookEast",2014
20,"E","GPHY14_GB_C2_112_20-E","GB",373,NA,NA,NA,NA,NA,112,-117.080975,46.779851," |  | ","CookEast",2014
21,"E","GPHY14_SB_C3_113_21-E","SB",606,12.5,11.5,60.9,NA,46.4,113,-117.08053909,46.77969063," |  | ","CookEast",2014
22,"E","GPHY14_SB_C3_114_22-E","SB",424,14.1,12.2,59.7,NA,44.6,114,-117.080139,46.77997," |  | ","CookEast",2014
23,"E","CF14GPWW_114_23-E","WW",656,10.6,8.5,72.1,29,57.9,115,-117.07970309,46.77992463," |  | ","CookEast",2014
24,"E","CF14GPWW_115_24-E","WW",871,12.7,8,70.1,34.6,56.9,116,-117.079303,46.779905," |  | ","CookEast",2014
25,"E","CF14GPSWGrn_C5_117_25-E","SW",753,11.5,6.8,68.4,25.9,55.5,117,-117.078885,46.779826,"MOISTURE OUTSIDE LIMITS |  | ","CookEast",2014
26,"E","CF14GPSWGrn_C6_118_26-E","SW",530,9,7.4,76.8,20.8,59.9,118,-117.078467,46.779838," | STARCH OUTSIDE LIMITS | ","CookEast",2014
27,"E","GP14GPSWGrn_C7_119_27-E","SW",831,12.1,6.8,69.4,26,57.6,119,-117.07801916,46.77982663,"MOISTURE OUTSIDE LIMITS |  | ","CookEast",2014
28,"E","CF14GPSWGrn_C7_120_28-E","SW",615,11.8,6.2,68.4,25.1,52.9,120,-117.077631,46.77978,"MOISTURE OUTSIDE LIMITS |  | ","CookEast",2014
29,"E","CF14GPSWGrn_C8_121_29-E","SW",207,15.2,5.7,61.9,37.3,NA,121,-117.077213,46.779944,"MOISTURE OUTSIDE LIMITS | SAMPLE TOO SMALL TO GIVE TEST WT | ","CookEast",2014
4,"F","GPHY14_GB_A1_122_4-F","GB",488,NA,NA,NA,NA,NA,122,-117.087699,46.779986," |  | ","CookEast",2014
5,"F","GPHY14_GB_A1_123_5-F","GB",355,NA,NA,NA,NA,NA,123,-117.087281,46.780159," |  | ","CookEast",2014
6,"F","GPHY14_GB_A2_124_6-F","GB",182,NA,NA,NA,NA,NA,124,-117.086863,46.780136," |  | ","CookEast",2014
7,"F","GPHY14_GB_A3_125_7-F","GB",282,NA,NA,NA,NA,NA,125,-117.086445,46.780221," |  | ","CookEast",2014
8,"F","GPHY14_GB_A4_126_8-F","GB",462,NA,NA,NA,NA,NA,126,-117.08601127,46.78018382," |  | ","CookEast",2014
9,"F","CF14GPSWGrn_A5_127_9-F","SW",699,13.3,6.4,64.9,31.6,50.7,127,-117.08559328,46.78008882,"MOISTURE OUTSIDE LIMITS |  | ","CookEast",2014
10,"F","CF14GPSWGrn_A5_128_10-F","SW",576,12.9,7,64.2,30.5,50.8,128,-117.085191,46.780214,"MOISTURE OUTSIDE LIMITS |  | ","CookEast",2014
11,"F","CF14GPSWGrn_A6_129_11-F","SW",856,9.2,6.8,74.6,21.3,58.7,129,-117.084773,46.780062,"MOISTURE OUTSIDE LIMITS |  | ","CookEast",2014
12,"F","CF14GPWW_129_12-F","WW",966,11.6,8.8,71.3,31.1,50.8,130,-117.084355,46.780151," |  | ","CookEast",2014
13,"F","CF14GPWW_130_13-F","WW",1225,11.9,8.8,69.5,32,44.2,131,-117.083937,46.780104," |  | ","CookEast",2014
14,"F","CF14GPWW_131_14-F","WW",1029,11,9.1,72.1,29.7,54.6,132,-117.083519,46.780167," |  | ","CookEast",2014
15,"F","CF14GPWW_132_15-F","WW",1078,11.4,8.5,67.4,29.9,43.3,133,-117.083101,46.780088," |  | ","CookEast",2014
16,"F","CF14GPWW_133_16-F","WW",675,12.4,8.9,69.4,33.2,53.2,134,-117.082683,46.780157," |  | ","CookEast",2014
17,"F","CF14GPWW_134_17-F","WW",1145,10.7,7.8,70.3,28.7,48,135,-117.082265,46.780194," |  | ","CookEast",2014
18,"F","CF14GPWW_135_18-F","WW",1241,9.3,8.7,74.8,23.8,51,136,-117.081847,46.779996," |  | ","CookEast",2014
19,"F","CF14GPWW_136_19-F","WW",1108,9.4,8.4,74.2,24.2,50.3,137,-117.08145287,46.78014727," |  | ","CookEast",2014
20,"F","CF14GPSWGrn_C1_138_20-F","SW",546,12.1,6.7,70.3,29.3,55.5,138,-117.081011,46.780137,"MOISTURE OUTSIDE LIMITS |  | ","CookEast",2014
21,"F","GPHY14_GB_C2_139_21-F","GB",289,NA,NA,NA,NA,NA,139,-117.080593,46.779993," |  | ","CookEast",2014
22,"F","GPHY14_GB_C2_140_22-F","GB",201,NA,NA,NA,NA,NA,140,-117.080175,46.780256," |  | ","CookEast",2014
23,"F","GPHY14_SB_C3_141_23-F","SB",490,14.4,12.7,59.1,NA,44,141,-117.079757,46.780227," |  | ","CookEast",2014
24,"F","CF14GPWW_141_24-F","WW",782,11.9,8.6,69.6,32.5,52.4,142,-117.079339,46.780191," |  | ","CookEast",2014
25,"F","CF14GPSWGrn_C5_143_25-F","SW",478,13.5,5.8,66.7,29.1,51.3,143,-117.0789031,46.78010382,"MOISTURE OUTSIDE LIMITS |  | ","CookEast",2014
26,"F","CF14GPSWGrn_C5_144_26-F","SW",488,8.1,7,75.5,16.9,56.5,144,-117.078503,46.780124,"MOISTURE OUTSIDE LIMITS | STARCH OUTSIDE LIMITS | ","CookEast",2014
27,"F","CF14GPSWGrn_C6_145_27-F","SW",538,11.1,6.8,70.9,23.9,54.9,145,-117.078085,46.780129,"MOISTURE OUTSIDE LIMITS |  | ","CookEast",2014
28,"F","CF14GPSWGrn_C7_146_28-F","SW",207,14.6,6,63.1,34.4,NA,146,-117.077667,46.780066,"MOISTURE OUTSIDE LIMITS | SAMPLE TOO SMALL TO GIVE TEST WT | ORIGINAL SAMPLE BAG RIPPED","CookEast",2014
29,"F","CF14GPSWGrn_C7_147_29-F","SW",261,14.9,7.2,60.1,37.1,NA,147,-117.077249,46.78023," |  | SAMPLE TOO SMALL FOR TEST WEIGHT","CookEast",2014
30,"F","CF14GPSWGrn_C8_148_30-F","SW",816,10.9,7.3,72.4,27.8,61.6,148,-117.076831,46.780004," |  | ","CookEast",2014
6,"G","GPHY14_GB_A1_149_6-G","GB",538,NA,NA,NA,NA,NA,149,-117.087103,46.780422," |  | ","CookEast",2014
7,"G","GPHY14_GB_A2_150_7-G","GB",380,NA,NA,NA,NA,NA,150,-117.086685,46.780507," |  | ","CookEast",2014
8,"G","GPHY14_GB_A3_151_8-G","GB",328,NA,NA,NA,NA,NA,151,-117.08622506,46.78045544," |  | ","CookEast",2014
9,"G","GPHY14_GB_A4_152_9-G","GB",222,NA,NA,NA,NA,NA,152,-117.08583327,46.78037122,"MOUSE DAMAGE TO SAMPLE |  | ","CookEast",2014
10,"G","GPHY14_GB_A4_153_10-G","GB",212,NA,NA,NA,NA,NA,153,-117.085431,46.7805," |  | ","CookEast",2014
11,"G","CF14GPSWGrn_A5_154_11-G","SW",1038,11.4,6.7,70.2,25.5,55.2,154,-117.085013,46.780348,"MOISTURE OUTSIDE LIMITS |  | ","CookEast",2014
12,"G","CF14GPSWGrn_A6_155_12-G","SW",622,10.7,6.4,72.8,23.4,54.8,155,-117.084595,46.780437,"MOISTURE OUTSIDE LIMITS |  | ","CookEast",2014
13,"G","CF14GPWW_155_13-G","WW",892,9.8,9.7,69.3,25.4,43.2,156,-117.084177,46.78039," |  | ","CookEast",2014
14,"G","CF14GPWW_156_14-G","WW",865,10.1,8.3,71.3,25.9,50.5,157,-117.083759,46.780453," |  | ","CookEast",2014
15,"G","CF14GPWW_157_15-G","WW",848,10.4,9.2,70.9,26.6,45.6,158,-117.083341,46.780374," |  | ","CookEast",2014
16,"G","CF14GPWW_158_16-G","WW",945,11.7,8.1,67,31.1,41.5,159,-117.082923,46.780443," |  | ","CookEast",2014
17,"G","CF14GPWW_159_17-G","WW",1058,12.3,8.9,67.5,32.4,47.6,160,-117.082505,46.78048," |  | ","CookEast",2014
18,"G","CF14GPWW_160_18-G","WW",999,9.5,8.6,72.8,24.3,49.5,161,-117.082087,46.780282," |  | ","CookEast",2014
19,"G","CF14GPWW_161_19-G","WW",925,11.2,7.7,66.8,28.9,40.5,162,-117.08164513,46.78040873," |  | ","CookEast",2014
20,"G","CF14GPWW_162_20-G","WW",1027,10.5,7.5,75,27.8,51.5,163,-117.081251,46.780423,"Starch outside limits |  | ","CookEast",2014
21,"G","CF14GPSWGrn_C1_164_21-G","SW",523,13.8,7,63.5,32.5,53.2,164,-117.080833,46.780279,"MOISTURE OUTSIDE LIMITS |  | ","CookEast",2014
22,"G","CF14GPSWGrn_C1_165_22-G","SW",557,11.1,6.4,70.9,26.4,55.5,165,-117.080415,46.780542,"MOISTURE OUTSIDE LIMITS |  | ","CookEast",2014
23,"G","GPHY14_GB_C2_166_23-G","GB",178,NA,NA,NA,NA,NA,166,-117.079997,46.780513," |  | ","CookEast",2014
24,"G","GPHY14_SB_C3_167_24-G","SB",608,12.4,13.6,60.9,NA,47.6,167,-117.079579,46.780477," |  | ","CookEast",2014
25,"G","CF14GPWW_167_25-G","WW",697,10.9,8.2,72,29.7,54.9,168,-117.079161,46.780398," |  | ","CookEast",2014
26,"G","CF14GPWW_168_26-G","WW",875,12.3,7.7,69.9,33.3,53.9,169,-117.078743,46.78041," |  | ","CookEast",2014
27,"G","CF14GPSWGrn_C5_170_27-G","SW",241,12.4,6.4,67.4,28.8,NA,170,-117.078325,46.780415,"MOISTURE OUTSIDE LIMITS |  | SAMPLE TOO SMALL FOR TEST WEIGHT","CookEast",2014
29,"G","CF14GPSWGrn_C6_172_29-G","SW",433,11.8,6.9,68.9,26.1,54.3,172,-117.077489,46.780516,"MOISTURE OUTSIDE LIMITS |  | ","CookEast",2014
30,"G","CF14GPSWGrn_C7_173_30-G","SW",471,11.4,6.7,70.9,28.6,56.1,173,-117.077071,46.78029,"MOISTURE OUTSIDE LIMITS |  | ","CookEast",2014
31,"G","CF14GPSWGrn_C8_174_31-G","SW",828,10.5,6.5,75.1,25,61.4,174,-117.076653,46.780414,"MOISTURE OUTSIDE LIMITS | STARCH OUTSIDE LIMITS | ","CookEast",2014
6,"H","GPHY14_GB_A1_175_6-H","GB",410,NA,NA,NA,NA,NA,175,-117.086879,46.780708," |  | ","CookEast",2014
7,"H","GPHY14_GB_A1_176_7-H","GB",331,NA,NA,NA,NA,NA,176,-117.08647678,46.78080097," |  | ","CookEast",2014
8,"H","GPHY14_GB_A2_177_8-H","GB",219,NA,NA,NA,NA,NA,177,-117.086043,46.780763," |  | ","CookEast",2014
9,"H","GPHY14+GB_A3_178_9-H","GB",427,NA,NA,NA,NA,NA,178,-117.085625,46.780668," |  | ","CookEast",2014
10,"H","GPHY14_GB_A4_179_10-H","GB",351,NA,NA,NA,NA,NA,179,-117.085207,46.780786," |  | ","CookEast",2014
11,"H","CF14GPSWGrn_A5_180_11-H","SW",488,11.1,7.3,65.4,25.1,54.2,180,-117.084789,46.780634," |  | ","CookEast",2014
12,"H","CF14GPSWGrn_A6_181_12-H","SW",579,11,6.5,69.9,25,50.2,181,-117.084371,46.780723,"MOISTURE OUTSIDE LIMITS |  | ","CookEast",2014
13,"H","CF14GPWW_181_13-H","WW",700,11,9.3,65.5,28.6,40.5,182,-117.08392119,46.78065692," |  | ","CookEast",2014
14,"H","CF14GPWW_182_14-H","WW",1450,10.3,8.7,71.6,27,44.6,183,-117.083535,46.780739," |  | ","CookEast",2014
15,"H","CF14GPWW_183_15-H","WW",1226,9.1,8.8,73.1,22.7,53.2,184,-117.083117,46.78066," |  | ","CookEast",2014
16,"H","CF14GPWW_184_16-H","WW",1456,10.7,8.3,70.9,28.2,45.6,185,-117.082699,46.780729," |  | ","CookEast",2014
17,"H","CF14GPWW_185_17-H","WW",1143,11.5,7.9,70.8,30.2,43.7,186,-117.082281,46.780766," |  | ","CookEast",2014
18,"H","CF14GPWW_186_18-H","WW",647,11.3,9.3,62.3,31.5,34.8,187,-117.081863,46.780568," |  | ","CookEast",2014
19,"H","CF14GPWW_187_19-H","WW",826,11.1,8.3,70.6,29.8,47.2,188,-117.081445,46.780707," |  | ","CookEast",2014
20,"H","CF14GPWW_188_20-H","WW",1345,10,8.2,75.2,26.4,53.4,189,-117.081027,46.780709,"Starch outside limits |  | ","CookEast",2014
21,"H","CF14GPSWGrn_C1_190_21-H","SW",766,11.4,6.5,69.3,26,53.6,190,-117.080609,46.780565,"MOISTURE OUTSIDE LIMITS |  | ","CookEast",2014
22,"H","CF14GPSWGrn_C1_191_22-H","SW",671,11.3,6.4,71.6,26.7,54.8,191,-117.080191,46.780828,"MOISTURE OUTSIDE LIMITS |  | ","CookEast",2014
23,"H","GPHY14_GB_C2_192_23-H","GB",378,NA,NA,NA,NA,NA,192,-117.079773,46.780799," |  | ","CookEast",2014
24,"H","GPHY14_SB_C3_193_24-H","SB",468,12,11.8,63.4,NA,53,193,-117.079355,46.780763," |  | ","CookEast",2014
25,"H","CF14GPWW_193_25-H","WW",NA,NA,NA,NA,NA,NA,194,-117.07891312,46.78066353," |  | ","CookEast",2014
26,"H","CF14GPWW_194_26-H","WW",563,12.4,8.1,66.7,33.1,46,195,-117.078519,46.780696," |  | ","CookEast",2014
27,"H","CF14GPSWGrn_C5_196_27-H","SW",752,10.6,6.7,74.5,24.4,56.6,196,-117.078101,46.780701,"MOISTURE OUTSIDE LIMITS | STARCH OUTSIDE LIMITS | ","CookEast",2014
28,"H","CF14GPSWGrn_C6_197_28-H","SW",836,10.6,6.7,72.7,23.5,56.5,197,-117.077683,46.780638,"MOISTURE OUTSIDE LIMITS | STARCH OUTSIDE LIMITS | ","CookEast",2014
29,"H","CF14GPSWGrn_C6_198_29-H","SW",467,8.1,6.6,75.4,19.1,58.4,198,-117.077265,46.780802,"MOISTURE OUTSIDE LIMITS | STARCH OUTSIDE LIMITS | ORIGINAL SAMPLE BAG RIPPED","CookEast",2014
30,"H","CF14GPSWGrn_C7_199_30-H","SW",979,10.4,6.6,74.9,24.4,60.4,199,-117.076847,46.780576,"MOISTURE OUTSIDE LIMITS | STARCH OUTSIDE LIMITS | ","CookEast",2014
7,"I","GPHY14_GB_A1_200_7-I","GB",210,NA,NA,NA,NA,NA,200,-117.0866262,46.7810531," |  | ","CookEast",2014
8,"I","GPHY14_GB_A1_201_8-I","GB",184,NA,NA,NA,NA,NA,201,-117.086242,46.781049," |  | ","CookEast",2014
9,"I","GPHY14_GB_A2_202_9-I","GB",161,NA,NA,NA,NA,NA,202,-117.085824,46.780954," |  | ","CookEast",2014
10,"I","GPHY14_GB_A3_203_10-I","GB",210,NA,NA,NA,NA,NA,203,-117.085406,46.781072," |  | ","CookEast",2014
11,"I","GPHY14_GB_A4_204_11-I","GB",281,NA,NA,NA,NA,NA,204,-117.084988,46.78092," |  | ","CookEast",2014
12,"I","CF14GPSWGrn_A5_205_12-I","SW",1282,10.4,7.6,72.5,25.4,59.5,205,-117.08457,46.781009," |  | ","CookEast",2014
13,"I","CF14GPSWGrn_A6_206_13-I","SW",931,10.3,7.3,72.1,24.7,58.2,206,-117.084152,46.780962," |  | ","CookEast",2014
14,"I","CF14GPSWGrn_A6_207_14-I","SW",863,10.7,7.5,72.7,25.2,58.6,207,-117.08375497,46.78103938," |  | ","CookEast",2014
15,"I","CF14GPWW_207_15-I","WW",1157,9.2,8.6,73,23.1,48.5,208,-117.083316,46.780946," |  | ","CookEast",2014
16,"I","CF14GPWW_208_16-I","WW",1196,9.2,9,71.8,23.5,51.1,209,-117.082898,46.781015,"There is s small piece of tape on the bag; starch outside limit |  | ","CookEast",2014
17,"I","CF14GPWW_209_17-I","WW",1070,11.3,8.4,68.2,29.5,40.6,210,-117.08248,46.781052," |  | ","CookEast",2014
18,"I","CF14GPWW_210_18-I","WW",1373,10.5,8.4,71.7,27.5,46.6,211,-117.082062,46.780854," |  | ","CookEast",2014
19,"I","CF14GPWW_211_19-I","WW",1366,9.2,9,73.1,23.9,53.1,212,-117.081644,46.780993," |  | ","CookEast",2014
20,"I","CF14GPWW_212_20-I","WW",1653,9.5,8.4,72.4,24.1,50,213,-117.081226,46.780995," |  | ","CookEast",2014
21,"I","CF14GPWW_213_21-I","WW",966,10.8,7.8,71.5,28.2,52.8,214,-117.080808,46.780851," |  | ","CookEast",2014
22,"I","CF14GPWW_214_22-I","WW",1323,10.4,8.6,73.1,27.9,54.6,215,-117.08043771,46.78111806," |  | ","CookEast",2014
23,"I","CF14GPSWGrn_C1_216_23-I","SW",633,12.5,6,68.4,27.8,54.3,216,-117.079972,46.781085,"MOISTURE OUTSIDE LIMITS |  | ","CookEast",2014
24,"I","GPHY14_GB_C2_217_24-I","GB",296,NA,NA,NA,NA,NA,217,-117.079554,46.781049," |  | ","CookEast",2014
25,"I","GPHY14_SB_C3_218_25-I","SB",531,11.6,11.7,64.7,NA,53.8,218,-117.079136,46.78097," |  | ","CookEast",2014
26,"I","GPHY14_SB_C3_219_26-I","SB",596,10.9,11,64.2,NA,53.5,219,-117.078718,46.780982," |  | ","CookEast",2014
27,"I","CF14GPWW_219_27-I","WW",903,12.8,8.1,71.4,34.9,59.4,220,-117.0783,46.780987," |  | ","CookEast",2014
28,"I","CF14GPSWGrn_C5_221_28-I","SW",912,11.1,7.3,72.9,26.8,58.8,221,-117.077882,46.780924," | STARCH OUTSIDE LIMITS | ","CookEast",2014
29,"I","CF14GPSWGrn_C5_222_29-I","SW",758,9.6,7,77.3,21.9,58.5,222,-117.077464,46.781088,"MOISTURE OUTSIDE LIMITS | STARCH OUTSIDE LIMITS | ","CookEast",2014
30,"I","CF14GPSWGrn_C6_223_30-I","SW",546,11.8,7.4,68.2,27.8,55.5,223,-117.077046,46.780862," |  | ","CookEast",2014
31,"I","CF14GPSWGrn_C7_224_31-I","SW",559,12.2,6.7,69.7,26.5,56.1,224,-117.076628,46.780986,"MOISTURE OUTSIDE LIMITS |  | ORIGINAL SAMPLE BAG RIPPED","CookEast",2014
7,"J","GPHY14_GB_A1_225_7-J","GB",336,NA,NA,NA,NA,NA,225,-117.086295,46.781365," |  | ","CookEast",2014
8,"J","GPHY14_GB_A2_226_8-J","GB",471,NA,NA,NA,NA,NA,226,-117.08586126,46.78132062," |  | ","CookEast",2014
9,"J","GPHY14_GB_A3_227_9-J","GB",174,NA,NA,NA,NA,NA,227,-117.08543278,46.78122203," |  | ","CookEast",2014
10,"J","GPHY14_GB_A3_228_10-J","GB",29,NA,NA,NA,NA,NA,228,-117.085041,46.781358," |  | ","CookEast",2014
11,"J","GPHY14_GB_A4_229_11-J","GB",179,NA,NA,NA,NA,NA,229,-117.084623,46.781206,"SAMPLE BAG DIFFERENT FROM OTHER SAMPLE BAGS |  | ","CookEast",2014
12,"J","CF14GPSWGrn_A5_230_12-J","SW",738,11.2,7.1,69.6,25.2,53.3,230,-117.084205,46.781295,"MOISTURE OUTSIDE LIMITS |  | ","CookEast",2014
13,"J","CF14GPSWGrn_A6_231_13-J","SW",427,11.4,6.6,68.5,26.4,50,231,-117.083787,46.781248,"MOISTURE OUTSIDE LIMITS |  | ","CookEast",2014
14,"J","CF14GPWW_231_14-J","WW",878,9.4,8.6,68.1,23.9,45.3,232,-117.08328225,46.78127044," |  | ","CookEast",2014
15,"J","CF14GPWW_232_15-J","WW",1183,10.2,9.5,66.9,27.4,39.5,233,-117.082951,46.781232," |  | ","CookEast",2014
16,"J","CF14GPWW_233_16-J","WW",1535,8.9,8.6,74.2,22,51.8,234,-117.082533,46.781301,"Starch outside limits |  | ","CookEast",2014
17,"J","CF14GPWW_234_17-J","WW",1091,11,9.6,66.7,30,44.3,235,-117.082115,46.781338," |  | ","CookEast",2014
18,"J","CF14GPWW_235_18-J","WW",1438,10.8,9,72.6,29.4,56,236,-117.081697,46.78114," |  | ","CookEast",2014
19,"J","CF14GPWW_236_19-J","WW",1212,10.1,8.6,72,26.3,49.1,237,-117.08124367,46.78126348," |  | ","CookEast",2014
20,"J","CF14GPWW_237_20-J","WW",1319,11.2,8.2,72.6,29.8,49.7,238,-117.080861,46.781281,"Starch outside limits |  | ","CookEast",2014
21,"J","CF14GPWW_238_21-J","WW",993,9.9,8.3,72.5,25.9,53.1,239,-117.08045495,46.78115338,"Starch outside limits |  | ","CookEast",2014
22,"J","CF14GPWW_239_22-J","WW",1085,10.6,7.8,72.3,27.9,52.8,240,-117.08011053,46.78144636,"Starch outside limits |  | ","CookEast",2014
23,"J","CF14GPSWGrn_C1_241_23-J","SW",701,11.3,6.9,69.3,26.8,58.4,241,-117.079607,46.781371,"MOISTURE OUTSIDE LIMITS |  | ","CookEast",2014
24,"J","GPHY14_GB_C2_242_24-J","GB",429,NA,NA,NA,NA,NA,242,-117.079189,46.781335," |  | ","CookEast",2014
25,"J","GPHY14_SB_C3_243_25-J","SB",489,11.3,12.1,63.6,NA,53.5,243,-117.078771,46.781256," |  | ","CookEast",2014
26,"J","GPHY14_SB_C3_244_26-J","SB",545,10.23,11.7,64.6,NA,54.1,244,-117.07838882,46.78129255," |  | ","CookEast",2014
27,"J","CF14GPWW_244_27-J","WW",691,13.2,8.6,64.2,35.9,45.7,245,-117.077935,46.781273," |  | ","CookEast",2014
28,"J","CF14GPSWGrn_C5_246_28-J","SW",639,11.7,6.8,70.3,27.4,57.3,246,-117.077517,46.78121,"MOISTURE OUTSIDE LIMITS |  | ","CookEast",2014
29,"J","CF14GPSWGrn_C5_247_29-J","SW",772,10.8,6.9,70.3,23.8,56.4,247,-117.077099,46.781374,"MOISTURE OUTSIDE LIMITS |  | ","CookEast",2014
30,"J","CF14GPSWGrn_C6_248_30-J","SW",1053,10,7,75.7,23,61.2,248,-117.07669891,46.78116437,"MOISTURE OUTSIDE LIMITS | STARCH OUTSIDE LIMITS | ","CookEast",2014
9,"K","GPHY14_GB_A1_249_9-K","GB",372,NA,NA,NA,NA,NA,249,-117.085864,46.781526,"MOUSE DAMAGE TO SAMPLE BAG, SO WEIGHED BAG SEPERATELY |  | ","CookEast",2014
10,"K","GPHY14_GB_A2_250_10-K","GB",289,NA,NA,NA,NA,NA,250,-117.085446,46.781644," |  | ","CookEast",2014
11,"K","GPHY14_GB_A3_251_11-K","GB",73,NA,NA,NA,NA,NA,251,-117.085028,46.781492,"MOUSE DAMAGE TO SAMPLE BAG, SO WEIGHED BAG SEPERATELY |  | ","CookEast",2014
12,"K","GPHY14_GB_A4_252_12-K","GB",97,NA,NA,NA,NA,NA,252,-117.08457853,46.78155584,"MOUSE DAMAGE TO SAMPLE |  | ","CookEast",2014
13,"K","GPHY14_GB_A4_253_13-K","GB",319,NA,NA,NA,NA,NA,253,-117.084192,46.781534," |  | ","CookEast",2014
14,"K","CF14GPSWGrn_A5_254_14-K","SW",1244,10.2,7.1,71.1,23.4,59.4,254,-117.083774,46.781597,"MOISTURE OUTSIDE LIMITS |  | ","CookEast",2014
15,"K","CF14GPSWGrn_A6_255_15-K","SW",654,11,7,72.4,25.1,57.5,255,-117.083356,46.781518,"MOISTURE OUTSIDE LIMITS |  | ","CookEast",2014
16,"K","CF14GPWW_255_16-K","WW",1624,9.9,9.1,73.5,26.4,55.9,256,-117.082938,46.781587," |  | ","CookEast",2014
17,"K","CF14GPWW_256_17-K","WW",935,9.5,9.1,73,24.9,53.9,257,-117.08252,46.781624," |  | ","CookEast",2014
18,"K","CF14GPWW_257_18-K","WW",1195,10,9,72.9,26.1,52.5,258,-117.082102,46.781426," |  | ","CookEast",2014
19,"K","CF14GPWW_258_19-K","WW",1136,9.5,8.8,65.8,25.3,39.7,259,-117.081684,46.781565,"Protein DM outside limit |  | ","CookEast",2014
20,"K","CF14GPWW_259_20-K","WW",1235,11,8.3,68.7,29,43.8,260,-117.081266,46.781567," |  | ","CookEast",2014
21,"K","CF14GPWW_260_21-K","WW",1432,9.8,7.8,72.6,25.1,53.1,261,-117.080848,46.781423," |  | ","CookEast",2014
22,"K","CF14GPWW_261_22-K","WW",1285,11.2,8.4,68,30.4,43.9,262,-117.08043,46.781686," |  | ","CookEast",2014
23,"K","CF14GPWW_262_23-K","WW",1056,9.9,8.9,75.5,26.3,57,263,-117.080012,46.781657,"Starch outside limits |  | ","CookEast",2014
24,"K","CF14GPSWGrn_C1_264_24-K","SW",766,7.4,7.4,72.7,23.9,60.1,264,-117.079594,46.781621," |  | ","CookEast",2014
25,"K","GPHY14_GB_C2_265_25-K","GB",528,NA,NA,NA,NA,NA,265,-117.0791581,46.78153382," |  | ","CookEast",2014
26,"K","GPHY14_GB_C2_266_26-K","GB",303,NA,NA,NA,NA,NA,266,-117.078758,46.781554," |  | ","CookEast",2014
27,"K","GPHY14_SB_C3_267_27-K","SB",435,13.3,10.9,63.1,NA,53.7,267,-117.07834,46.781559," |  | ","CookEast",2014
28,"K","CF14GPWW_267_28-K","WW",429,13.5,8.8,67.3,37,51.3,268,-117.077922,46.781496," |  | ","CookEast",2014
29,"K","CF14GPWW_268_29-K","WW",934,10.8,8.4,71.6,29.2,56.8,269,-117.077504,46.78166," |  | ","CookEast",2014
30,"K","CF14GPSWGrn_C5_270_30-K","SW",1084,10.1,6.9,73.7,22.7,59.6,270,-117.077086,46.781434,"MOISTURE OUTSIDE LIMITS | STARCH OUTSIDE LIMITS | ","CookEast",2014
31,"K","CF14GPSWGrn_C6_271_31-K","SW",873,10,6.6,74.8,22,58.8,271,-117.076668,46.781558,"MOISTURE OUTSIDE LIMITS | STARCH OUTSIDE LIMITS | ORIGINAL SAMPLE BAG RIPPED","CookEast",2014
9,"L","GPHY14_GB_A1_272_9-L","GB",407,NA,NA,NA,NA,NA,272,-117.08559,46.781812," |  | ","CookEast",2014
10,"L","GPHY14_GB_A2_273_10-L","GB",160,NA,NA,NA,NA,NA,273,-117.085172,46.78193," |  | ","CookEast",2014
11,"L","GPHY14_GB_A3_274_11-L","GB",241,NA,NA,NA,NA,NA,274,-117.084754,46.781778," |  | ","CookEast",2014
12,"L","GPHY14_GB_A3_275_12-L","GB",436,NA,NA,NA,NA,NA,275,-117.08435697,46.78187778," |  | ","CookEast",2014
13,"L","GPHY14_GB_A4_276_13-L","GB",252,NA,NA,NA,NA,NA,276,-117.083918,46.78182," |  | ","CookEast",2014
14,"L","CF14GPSWGrn_A5_277_14-L","SW",481,13.1,6.4,65.7,29.3,52.2,277,-117.0835,46.781883,"MOISTURE OUTSIDE LIMITS |  | ","CookEast",2014
15,"L","CF14GPSWGrn_A6_278_15-L","SW",986,10.8,7.3,74,25.2,59.7,278,-117.083082,46.781804," | STARCH OUTSIDE LIMITS | ","CookEast",2014
16,"L","CF14GPWW_278_16-L","WW",1031,9.6,9.2,73.8,25.2,54.8,279,-117.08265008,46.78185937," |  | ","CookEast",2014
17,"L","CF14GPWW_279_17-L","WW",1416,9.1,9,72.3,24,52.2,280,-117.082246,46.78191," |  | ","CookEast",2014
18,"L","CF14GPWW_280_18-L","WW",1321,10.8,8.1,71.7,28.1,46.6,281,-117.08181228,46.78170481," |  | ","CookEast",2014
19,"L","CF14GPWW_281_19-L","WW",1242,9.7,8.3,70.7,24.6,52,282,-117.08141,46.781851,"Starch outside limits |  | ","CookEast",2014
20,"L","CF14GPWW_282_20-L","WW",1189,11.5,8.3,71.1,30.9,47.4,283,-117.080992,46.781853," |  | ","CookEast",2014
21,"L","CF14GPWW_283_21-L","WW",1197,11.3,8.4,70.3,29.6,43.2,284,-117.080574,46.781709," |  | ","CookEast",2014
22,"L","CF14GPWW_284_22-L","WW",976,9.9,8.5,75.4,25.8,52.5,285,-117.080156,46.781972,"Starch outside limits |  | ","CookEast",2014
23,"L","CF14GPWW_285_23-L","WW",1212,10.2,8,73.9,27.1,55.8,286,-117.079738,46.781943," |  | ","CookEast",2014
24,"L","CF14GPSWGrn_C1_287_24-L","SW",820,10.4,6.7,72.9,23.8,56.5,287,-117.07932,46.781907,"MOISTURE OUTSIDE LIMITS | STARCH OUTSIDE LIMITS | ","CookEast",2014
25,"L","GPHY14_GB_C2_288_25-L","GB",470,NA,NA,NA,NA,NA,288,-117.07886619,46.78180208," |  | ","CookEast",2014
26,"L","GPHY14_GB_C2_289_26-L","GB",326,NA,NA,NA,NA,NA,289,-117.078484,46.78184," |  | ","CookEast",2014
27,"L","GPHY14_SB_C3_290_27-L","SB",309,10.5,12.2,63.2,NA,NA,290,-117.078066,46.781845,"small sample (test weight) |  | ","CookEast",2014
28,"L","CF14GPWW_290_28-L","WW",623,14.7,7.8,63,40.1,46.1,291,-117.077648,46.781782," |  | ","CookEast",2014
29,"L","CF14GPWW_291_29-L","WW",479,9.9,8.6,73.6,26.9,60.3,292,-117.07723,46.781946,"Starch outside limits |  | ","CookEast",2014
30,"L","CF14GPSWGrn_C5_293_30-L","SW",572,13.3,6.5,65.9,30.3,55,293,-117.076812,46.78172,"MOISTURE OUTSIDE LIMITS |  | ","CookEast",2014
9,"M","GPHY14_GB_A1_297_9-M","GB",261,NA,NA,NA,NA,NA,297,-117.085536,46.782098," |  | ","CookEast",2014
10,"M","GPHY14_GB_A1_298_10-M","GB",402,NA,NA,NA,NA,NA,298,-117.085118,46.782216," |  | ","CookEast",2014
11,"M","GPHY14_GB_A2_299_11-M","GB",305,NA,NA,NA,NA,NA,299,-117.0847,46.782064," |  | ","CookEast",2014
12,"M","GPHY14_GB_A3_300_12-M","GB",373,NA,NA,NA,NA,NA,300,-117.084282,46.782153," |  | ","CookEast",2014
13,"M","GPHY14_GB_A4_301_13-M","GB",292,NA,NA,NA,NA,NA,301,-117.083864,46.782106," |  | ","CookEast",2014
14,"M","CF14GPSWGrn_A5_302_14-M","SW",978,10.1,7.3,72.4,24,56.7,302,-117.08343026,46.78215462,"MOISTURE OUTSIDE LIMITS | STARCH OUTSIDE LIMITS | ","CookEast",2014
15,"M","CF14GPSWGrn_A6_303_15-M","SW",602,11.2,6.9,67.7,25,55.3,303,-117.08301227,46.78207922,"MOISTURE OUTSIDE LIMITS |  | ","CookEast",2014
16,"M","CF14GPSWGrnA6_304_16-M","SW",492,9.7,7.4,76.2,23.7,60.4,304,-117.08261,46.782159," | STARCH OUTSIDE LIMITS | ","CookEast",2014
17,"M","CF14GPWW_304_17-M","WW",1041,10.7,8.9,71.4,28.1,53.3,305,-117.082192,46.782196," |  | ","CookEast",2014
18,"M","CF14GPWW_305_18-M","WW",1093,10.3,9.1,72,27.1,50.1,306,-117.081774,46.781998," |  | ","CookEast",2014
19,"M","CF14GPWW_306_19-M","WW",934,10.6,9,73.2,28,57.1,307,-117.081356,46.782137," |  | ","CookEast",2014
20,"M","CF14GPWW_307_20-M","WW",910,10.6,8.1,72.2,27.3,46,308,-117.080938,46.782139," |  | ","CookEast",2014
21,"M","CF14GPWW_308_21-M","WW",687,9.7,9,68.3,25.7,47.1,309,-117.08049902,46.78197702," |  | ","CookEast",2014
22,"M","CF14GPWW_309_22-M","WW",1372,10.1,7.9,72.3,26.3,44.5,310,-117.080102,46.782258,"Starch outside limits |  | ","CookEast",2014
23,"M","CF14GPWW_310_23-M","WW",866,10.4,8.1,72.6,27.1,47.4,311,-117.079684,46.782229,"Starch outside limits |  | ","CookEast",2014
24,"M","CF14GPWW_311_24-M","WW",666,14,8.1,62.9,37.9,44.9,312,-117.07930181,46.78221346," |  | ","CookEast",2014
25,"M","CF14GPSWGrn_C1_313_25-M","SW",851,9,6.7,73,20.6,58.3,313,-117.078848,46.782114,"MOISTURE OUTSIDE LIMITS |  | ","CookEast",2014
26,"M","GPHY14_GB_C2_314_26-M","GB",244,NA,NA,NA,NA,NA,314,-117.07843,46.782126," |  | ","CookEast",2014
27,"M","GPHY14_GB_C2_315_27-M","GB",257,NA,NA,NA,NA,NA,315,-117.07804184,46.78214737," |  | ","CookEast",2014
28,"M","GPHY14_SB_C3_316_28-M","SB",514,11.9,11.9,62.5,NA,35.6,316,-117.077594,46.782068," |  | ","CookEast",2014
10,"N","GPHY14_GB_A1_323_10-N","GB",502,NA,NA,NA,NA,NA,323,-117.08513522,46.78249247," |  | ","CookEast",2014
11,"N","GPHY14_GB_A2_324_11-N","GB",176,NA,NA,NA,NA,NA,324,-117.084751,46.78235," |  | ","CookEast",2014
12,"N","GPHY14_GB_A2_325_12-N","GB",218,NA,NA,NA,NA,NA,325,-117.084333,46.782439," |  | ","CookEast",2014
13,"N","GPHY14_GB_A3_326_13-N","GB",287,NA,NA,NA,NA,NA,326,-117.083915,46.782392," |  | ","CookEast",2014
14,"N","GPHY14_GB_A4_327_14-N","GB",361,NA,NA,NA,NA,NA,327,-117.083497,46.782455," |  | ","CookEast",2014
15,"N","CF14GPSWGrn_A5_328_15-N","SW",993,10.4,7.7,72,23.8,57.8,328,-117.083079,46.782376," |  | ","CookEast",2014
16,"N","CF14GPSWGrn_A6_329_16-N","SW",966,9.4,6.7,72.6,21.6,58.7,329,-117.08264527,46.78243781,"MOISTURE OUTSIDE LIMITS | STARCH OUTSIDE LIMITS | ","CookEast",2014
17,"N","CF14GPSWGrn_A6_330_17-N","SW",947,9.9,6.9,73.1,22.5,56.9,330,-117.082243,46.782482,"MOISTURE OUTSIDE LIMITS |  | ","CookEast",2014
18,"N","CF14GPWW_330_18-N","WW",1024,9.4,8.9,73.7,23.7,53.5,331,-117.081825,46.782284,"Starch outside limits |  | ","CookEast",2014
19,"N","CF14GPWW_331_19-N","WW",953,10,9.4,68.3,26.7,45.8,332,-117.081407,46.782423," |  | ","CookEast",2014
20,"N","CF14GPWW_332_20-N","WW",941,10.4,9,73.2,27.7,53.3,333,-117.080989,46.782425," |  | ","CookEast",2014
21,"N","CF14GPWW_333_21-N","WW",1208,11.3,8.2,70.9,30,45.1,334,-117.080571,46.782281," |  | ","CookEast",2014
22,"N","CF14GPWW_334_22-N","WW",819,9.2,8.3,74.1,23.5,51.3,335,-117.080153,46.782544,"Starch outside limits |  | ","CookEast",2014
23,"N","CF14GPWW_335_23-N","WW",1095,10,8.8,74.2,26.6,50.7,336,-117.079735,46.782515,"Starch outside limits |  | ","CookEast",2014
24,"N","CF14GPWW_336_24-N","WW",1079,12.2,8.3,66,33.6,43.8,337,-117.079317,46.782479," |  | ","CookEast",2014
25,"N","CF14GPSWGrn_C1_338_25-N","SW",806,12,6.3,67.2,27.7,51.4,338,-117.07889105,46.78239455,"MOISTURE OUTSIDE LIMITS |  | ","CookEast",2014
11,"O","GPHY14_GB_A1_348_11-0","GB",527,NA,NA,NA,NA,NA,348,-117.084617,46.782636," |  | ","CookEast",2014
12,"O","GPHY14_GB_A2_349_12-O","GB",456,NA,NA,NA,NA,NA,349,-117.084199,46.782725," |  | ","CookEast",2014
13,"O","GPHY14_GB_A3_350_13-O","GB",380,NA,NA,NA,NA,NA,350,-117.083781,46.782678," |  | ","CookEast",2014
14,"O","GPHY14_GB_A4_351_14-O","GB",133,NA,NA,NA,NA,NA,351,-117.083363,46.782741," |  | ","CookEast",2014
15,"O","CF14GPSWGrn_A5_352_15-O","SW",1017,10.6,7,72.1,25.6,59,352,-117.08291879,46.78264763,"MOISTURE OUTSIDE LIMITS |  | ","CookEast",2014
16,"O","CF14GPSWGrn_A5_353_16-O","SW",1029,11,7.3,75,27.4,60.1,353,-117.082527,46.782731," | STARCH OUTSIDE LIMITS | ","CookEast",2014
17,"O","CF14GPSWGrn_A6_354_17-O","SW",988,9.5,6.9,75.1,22.3,59.3,354,-117.082109,46.782768,"MOISTURE OUTSIDE LIMITS | STARCH OUTSIDE LIMITS | ","CookEast",2014
18,"O","CF14GPWW_354_18-O","WW",1393,8.6,9.1,74.6,22.4,54.7,355,-117.081691,46.78257," |  | ","CookEast",2014
19,"O","CF14GPWW_355_19-O","WW",778,11.3,9.1,70.6,30.5,49.2,356,-117.081273,46.782709," |  | ","CookEast",2014
20,"O","CF14GPWW_356_20-O","WW",947,10.7,8.7,71.9,28.6,48.8,357,-117.080855,46.782711," |  | ","CookEast",2014
21,"O","CF14GPWW_357_21-O","WW",776,10.2,8.7,67.1,26.8,41.1,358,-117.08041408,46.78255608," |  | ","CookEast",2014
22,"O","CF14GPWW_358_22-O","WW",749,13.1,8.3,65.7,36,47.8,359,-117.080019,46.78283," |  | ","CookEast",2014
23,"O","CF14GPWW_359_23-O","WW",704,13.3,8.2,68.2,36.2,49.4,360,-117.079601,46.782801," |  | ","CookEast",2014
12,"P","GPHY14_GB_A1_371_12-P","GB",222,NA,NA,NA,NA,NA,371,-117.08422983,46.78296597," |  | ","CookEast",2014
13,"P","GPHY14_GB_A2_372_13-P","GB",433,NA,NA,NA,NA,NA,372,-117.083798,46.782964," |  | ","CookEast",2014
14,"P","GPHY14_GB_A3_373_14-P","GB",340,NA,NA,NA,NA,NA,373,-117.08338,46.783027," |  | ","CookEast",2014
15,"P","GPHY14_GB_A4_374_15-P","GB",242,NA,NA,NA,NA,NA,374,-117.082962,46.782948," |  | ","CookEast",2014
16,"P","CF14GPSWGrn_A5_375_16-P","SW",1026,10.3,6.3,67.3,24.3,49.7,375,-117.08252827,46.78300622," |  | ","CookEast",2014
17,"P","CF14GPSWGrn_A5_376_17-P","SW",877,9.5,7,73.1,22.5,56.7,376,-117.082126,46.783054,"MOISTURE OUTSIDE LIMITS | STARCH OUTSIDE LIMITS | ","CookEast",2014
18,"P","CF14GPWW_376_18-P","WW",808,10.9,8.8,72.3,29,48.9,377,-117.08165033,46.78282132," |  | ","CookEast",2014
19,"P","CF14GPWW_377_19-P","WW",1223,9.9,10.4,68.9,26.4,46,378,-117.08129,46.782995," |  | ","CookEast",2014
20,"P","CF14GPWW_378_20-P","WW",860,9,9.3,75.7,22.8,57.3,379,-117.080872,46.782997,"Starch outside limits |  | ","CookEast",2014
21,"P","CF14GPWW_379_21-P","WW",901,10.7,8.7,71.3,28.6,48.9,380,-117.080454,46.782853,"Small piece of tape on bag |  | ","CookEast",2014
22,"P","CF14GPWW_380_22-P","WW",725,12.2,9.2,70.7,32.9,53,381,-117.080036,46.783116," |  | ","CookEast",2014
13,"Q","GPHY14_GB_A2_394_13-Q","GB",314,NA,NA,NA,NA,NA,394,-117.08390985,46.78312585," |  | ","CookEast",2014
14,"Q","GPHY14_GB_A2_395_14-Q","GB",578,NA,NA,NA,NA,NA,395,-117.083498,46.783313," |  | ","CookEast",2014
15,"Q","GPHY14_GB_A3_396_15-Q","GB",333,NA,NA,NA,NA,NA,396,-117.08308,46.783234," |  | ","CookEast",2014
16,"Q","GPHY14_GB_A4_397_16-Q","GB",269,NA,NA,NA,NA,NA,397,-117.082662,46.783303," |  | ","CookEast",2014
17,"Q","GPHY14_GB_A4_398_17-Q","GB",297,NA,NA,NA,NA,NA,398,-117.08227546,46.78335797," |  | ","CookEast",2014
18,"Q","CF14GPSWGrn_A6_399_18-Q","SW",1068,9.3,7.9,74.7,22.3,57.3,399,-117.081826,46.783142," | STARCH OUTSIDE LIMITS | ","CookEast",2014
19,"Q","CF14GPSWGrn_A6_400_19-Q","SW",804,8.1,6.8,71,20.2,53.8,400,-117.081408,46.783281,"MOISTURE OUTSIDE LIMITS |  | ","CookEast",2014
20,"Q","CF14GPWW_400_20-Q","WW",1036,9.2,9.5,70,24.1,47,401,-117.08099,46.783283,"Starch outside limits |  | ","CookEast",2014
21,"Q","CF14GPWW_401_21-Q","WW",1044,11.9,8.6,69.6,31.6,50.6,402,-117.080572,46.783139," |  | ","CookEast",2014
15,"R","GPHY14_GB_A2_419_15-R","GB",328,NA,NA,NA,NA,NA,419,-117.08321056,46.7834571," |  | ","CookEast",2014
16,"R","GPHY14_GB_A3_420_16-R","GB",413,NA,NA,NA,NA,NA,420,-117.08277087,46.78351532," |  | ","CookEast",2014
17,"R","GPHY14_GB_A4_421_17-R","GB",385,NA,NA,NA,NA,NA,421,-117.08236678,46.78355231," |  | ","CookEast",2014
18,"R","CF14GPSWGrn_A5_422_18-R","SW",717,10.4,6.8,74.2,24.7,56.2,422,-117.081933,46.783428,"MOISTURE OUTSIDE LIMITS | STARCH OUTSIDE LIMITS | ","CookEast",2014
19,"R","CF14GPSWGrn_A6_423_19-R","SW",1113,11.7,7.1,71.9,30,60.6,423,-117.08148355,46.78355263,"MOISTURE OUTSIDE LIMITS |  | ","CookEast",2014
20,"R","CF14GPSWGrn_A6_424_20-R","SW",839,13.2,7.1,66,34.5,58.5,424,-117.081097,46.783569," |  | ","CookEast",2014
21,"R","CF14GPWW_424_21-R","WW",1001,9.1,9.5,70,23.6,48.4,425,-117.080679,46.783425,"Starch outside limits |  | ","CookEast",2014
